{
    "Number of elements": 4.28451069345431,
    "formation_energy (eV/atom)": -1.9194757479598188,
    "num_of_atoms_host_Asite0": 6.0784186649384315,
    "host_Asite0_Heat of Vaporization": 272.1469669475049,
    "host_Bsite0_at. wt.": 59.26937193778354,
    "host_Bsite0_Ionization Energy (kJ/mol)": 704.5760855476344,
    "shannon_radii_AB_avg": 0.9594187054439403,
    "Density_AB_avg": 6.106241898898251,
    "BCCefflatcnt_AB_avg": 7.304685988402462,
    "BCCvolume_padiff_AB_avg": -0.07650944131173039,
    "GSenergy_pa_AB_avg": -5.582669049320803,
    "ICSDVolume_AB_avg": 28.831914290343487,
    "covalent radius_AB_avg": 1.44800064808814,
    "Ionization Energy (kJ/mol)_AB_avg": 633.1609243357096,
    "Electron Affinity (kJ/mol)_AB_avg": 7.934551198963059,
    "Atomic Volume (cm\u00b3/mol)_AB_avg": 17.38207509721322,
    "MendeleevNumber_AB_avg": 33.519240116655865,
    "First Ionization Potential (V)_AB_avg": 6.560011220025925,
    "thermal conductivity_AB_avg": 46.15441834089435,
    "at. wt._AB_diff": 27.809010775275436,
    "specific heat capacity_AB_diff": -0.0923829795852236,
    "electrical conductivity_AB_diff": -2.0467075429760206,
    "BCCefflatcnt_AB_ratio": 1.5019567442767336,
    "Ionization Energy (kJ/mol)_AB_ratio": 0.7900630741652626,
    "Heat of Vaporization_AB_ratio": 0.7766698206461439,
    "Asite_BCCvolume_pa_weighted_avg": 43.1091453337654,
    "Asite_BCCvolume_padiff_weighted_avg": -0.12561426604082954,
    "Asite_At. Radius   (angstroms)_weighted_avg": 2.5318203175631884,
    "Asite_n_ws^third_weighted_avg": 1.0468300388852885,
    "Bsite_ BP (K)_weighted_avg": 3083.1283214517175,
    "Bsite_At. Radius   (angstroms)_weighted_avg": 1.7938682760855476,
    "Bsite_Second Ionization Potential  (V)_weighted_avg": 16.033360499027868,
    "Bsite_electrical conductivity_weighted_avg": 9.030129279082955,
    "Asite_Ionic Radius (angstroms)_max": 1.234588464031108,
    "Asite_BCCenergy_pa_max": -2.916855965191185,
    "Asite_Atomic Radius (\u00c5)_max": 2.0246221646143874,
    "Asite_At. Radius   (angstroms)_max": 2.622184057031756,
    "Asite_Atomic Volume (cm\u00b3/mol)_max": 29.142242384964362,
    "Bsite_ BP (K)_max": 3351.8697342838627,
    "Bsite_At. Radius   (angstroms)_max": 1.8486454957874272,
    "Bsite_First Ionization Potential (V)_max": 7.577862605314323,
    "Bsite_Third Ionization Potential  (V)_max": 34.639252106286456,
    "Asite_shannon_radii_min": 1.2369844458846402,
    "Asite_BCCenergy_pa_min": -4.1547310445755015,
    "Asite_BCCenergydiff_min": 0.05421722349643552,
    "Asite_GSmagmom_min": 0.0,
    "Asite_At. Radius   (angstroms)_min": 2.3867077122488656,
    "Bsite_MendeleevNumber_min": 49.88658457550227,
    "Bsite_n_ws^third_min": 1.5844264419961114,
    "Asite_shannon_radii_range": 0.15675372650680494,
    "Asite_BCCefflatcnt_range": 0.7424017153745949,
    "Asite_IsBoron_weighted_avg": 0.0,
    "Asite_IsHalogen_weighted_avg": 0.0,
    "Asite_IsPnictide_weighted_avg": 0.002187297472456254,
    "Asite_IsRareEarth_weighted_avg": 0.39347051198963057,
    "Asite_NfUnfilled_weighted_avg": 2.2931788723266364,
    "Asite_NfValence_weighted_avg": 1.040100453661698,
    "Bsite_At. #_weighted_avg": 27.372569669475048,
    "Bsite_Period_weighted_avg": 4.07849967595593,
    "Bsite_IsMetal_weighted_avg": 0.9991088788075179,
    "Bsite_NdUnfilled_weighted_avg": 4.360255994815295,
    "Bsite_NpUnfilled_weighted_avg": 0.27333117303953336,
    "host_Asite0_IsBCC": 0.21322099805573558,
    "host_Asite0_IsCubic": 0.0,
    "host_Asite0_IsAlkali": 0.0,
    "host_Asite0_OrbitalD": 0.3545042125729099,
    "host_Asite0_NsValence": 2.0,
    "host_Bsite0_At. #": 27.023331173039534,
    "host_Bsite0_IsHexagonal": 0.3039533376539209,
    "host_Bsite0_IsNoblegas": 0.0,
    "Asite_IsAlkali_max": 0.5755022683084899,
    "Bsite_IsMetal_max": 1.0
}